# P12-08's audit after the redesign: the host bench controls and the replication cost check measured again (margins-bench.tsv; at e098dc6, after the hand-off control's statistic changed and with the Membership and Scale suites as a third neighbour), GitHub's and the local harness's observations (margins-github.tsv), the staleness factors (margins-stale.tsv), the soaks' floors (margins-soak.tsv).
stall-open-p97	150000	above	timing	239979,240862,240111,234936,238857,273745,274321,255074,279345,266482,265450,257863,286994,249043,257820	2464,2654,2496,2090,2268,22646,23727,22935,24020,23856,25489,30158,32208,23546,25176	open loop's 97th percentile, us; S-bench-1
stall-closed-p95	75000	below	timing	1673,1692,1765,1858,1603,23999,23530,24023,26442,24230,16124,16052,17765,20041,11992	-	closed loop's 95th percentile, us
slowdown-low	0.75	above	ratio	2.01,2.01,2.02,2.01,2.02,2.82,2.58,2.38,2.58,1.91,1.98,1.96,1.84,2.02,1.95	-0.00,-0.00,-0.00,-0.00,-0.00,-0.00,-0.00,-0.00,-0.00,-0.00,-0.00,-0.00,-0.00,-0.00,0.00	median rise over the sleep actually slept; S-bench-2
slowdown-high	5.0	below	ratio	2.01,2.01,2.02,2.01,2.02,2.82,2.58,2.38,2.58,1.91,1.98,1.96,1.84,2.02,1.95	-	the same, its upper bound
barrier-lists	0	below	ratio	0,0,0,0,0,0,0,0,0,0,0,0,0,0,0	94,95,95,95,95,70,72,71,73,73,75,77,77,78,78	writes answered without a barrier effect list (the test's lists >= writes, a count); S-bench-3
barrier-per-list-low	0.6	above	ratio	1.0294,1.0348,1.0309,1.0346,1.0359,1.1676,1.1570,1.1770,1.1864,1.1257,1.1298,1.1304,1.1039,1.1044,1.0840	-	barrier per list over the sleep slept
barrier-per-list-high	2.5	below	ratio	1.0294,1.0348,1.0309,1.0346,1.0359,1.1676,1.1570,1.1770,1.1864,1.1257,1.1298,1.1304,1.1039,1.1044,1.0840	-	the same, its upper bound
lateness-early	0	below	ratio	0,0,0,0,0,0,0,0,0,0,0,0,0,0,0	2468,2459,2450,2462,2474,1202,1225,1216,1153,1182,1436,1503,1769,1735,1703	writes dispatched before their time; S-bench-4
lateness-median	5000	below	timing	0.6,0.4,0.5,0.6,0.6,959.9,992.2,1008.3,918.8,876.3,0.8,0.8,310.2,0.8,0.8	-	the generator's median lateness, us
handoff-low	0.5	above	ratio	1.0080,1.0140,1.0080,1.0120,1.0100,0.9780,0.9920,1.0220,0.9760,1.0000,1.0060,1.0040,1.0040,1.0060,1.0020	0.0120,0.0080,0.0080,0.0080,0.0040,-0.0400,-0.0160,-0.1100,0.3320,0.0060,0.0020,0.0020,-0.0000,0.0020,0.0020	follower-queue's 5th-percentile rise over the delay set; S-lat-1
handoff-high	3.0	below	ratio	1.0080,1.0140,1.0080,1.0120,1.0100,0.9780,0.9920,1.0220,0.9760,1.0000,1.0060,1.0040,1.0040,1.0060,1.0020	-	the same, its upper bound
handoff-others	0.4	below	ratio	0.0760,0.0880,0.1100,0.1040,0.1020,0.0620,0.0360,0.1620,0.1080,0.1380,0.0740,0.0440,0.1020,0.0700,0.0540	0.9940,0.9880,0.9880,0.9900,0.9860,1.0120,1.0120,1.0120,1.0080,1.0100,1.0020,0.9980,1.0020,0.9980,1.0020	the largest other host segment's 5th-percentile rise over the delay set; S-lat-1
cost-ratio-8	2	below	ratio	1.0716	41.5171	entries sent a follower per committed entry, 8 in flight; S-repl-11
cost-ratio-32	2	below	ratio	1.0703	1629.1005	the same, 32 in flight; S-repl-11
cost-committed-8	100	above	ratio	1117	0	entries committed, the reading's guard, 8 in flight; S-cost-1
cost-committed-32	100	above	ratio	4128	0	the same, 32 in flight; S-cost-1
cost-backlog-8	4	above	ratio	8	-	the largest backlog, the vacuity guard, 8 in flight (S-cost-2 is caught on a run built idle)
cost-backlog-32	16	above	ratio	26	-	the same, 32 in flight
slowdown-low-observed	0.75	above	ratio	1.497	-	the slowdown control's ratio once on GitHub (phase 11's finding)
lateness-median-observed	5000	below	timing	568.6	-	the generator's median lateness in GitHub's harness (run 37785921243, sabotage 11/12), four workers on four processors
stale-entry-high	1	below	ratio	0.1654,0.1048,0.1089,0.1416,0.1210,0.1264,0.1027,0.1093,0.0791,0.0655,0.1041,0.1362,0.1326,0.0723,0.1547,0.1189,0.2865,0.0673,0.3053,0.1071,0.1115,0.4553,0.2861,0.4150,0.1156,0.1199,0.1206,0.1036,0.5550,0.1008,0.3642,0.0900,0.0923,0.3532,0.2668,0.3016,0.2897,0.5914,0.2930,0.0981,0.2926,0.2557,0.1133,0.1253,0.3038,0.2856,0.2790,0.1251,0.2897,0.5675,0.5722,0.0974,0.1302,0.0923,0.1236,0.3746,0.5598,0.2914,0.1239,0.0817,0.1557,0.2880,0.3678,0.5714	1.5833	an entry's time over its line, over the stale factor 5 (held out: the file refreshed from two of three GitHub runs, judged on the third; entries off by more than the 30-s floor); patched: AStaleEntryFailsTheRunAndNamesBothNumbers, 95 s against 20 with factor 3
stale-entry-low	1	above	ratio	4.1362,2.6207,2.7232,3.5393,3.0243,3.1592,2.5677,2.7321,1.9773,1.6367,2.6033,3.4047,3.3160,1.8070,3.8687,2.9734,7.1633,1.6816,7.6327,2.6779,2.7867,11.3821,7.1521,10.3740,2.8901,2.9963,3.0138,2.5893,13.8756,2.5207,9.1057,2.2496,2.3085,8.8293,6.6712,7.5411,7.2429,14.7847,7.3250,2.4519,7.3156,6.3919,2.8323,3.1316,7.5959,7.1388,6.9749,3.1263,7.2419,14.1866,14.3062,2.4342,3.2540,2.3085,3.0889,9.3659,13.9952,7.2861,3.0980,2.0433,3.8925,7.1991,9.1951,14.2846	-	the same, its line over the entry's time
stale-shard-high	1	below	ratio	0.4027,0.3596,0.3718,0.2347,0.3732,0.4004,0.3654,0.3616,0.2023,0.2441,0.2290,0.2526,0.2772,0.1933,0.4201,0.2891,0.3673,0.2049,0.2352,0.2165,0.3774,0.2263,0.3680,0.2309,0.3823,0.3675,0.4052,0.4198,0.2442,0.2462,0.4292,0.2357,0.2059,0.2720,0.2485,0.3657,0.2587,0.2408,0.3826,0.4089,0.2421,0.2323,0.2299,0.3744,0.3913,0.2153,0.4412,0.3040,0.2862,0.4329,0.3860,0.2727,0.3734,0.6140,0.4077,0.2820,0.2112,0.2891,0.2329,0.3874,0.4366,0.2004,0.3614,0.2756,0.4209,0.2133,0.3738,0.3929,0.2097,0.3975,0.2194,0.5471,0.3756,0.1711,0.5496,0.4151,0.4508,0.2272,0.4169,0.4502,0.4076,0.4291,0.2622,0.3968,0.3899,0.2474,0.3959,0.3661,0.2166,0.3573,0.3671,0.3837,0.4509,0.2613,0.2809,0.4210,0.3877,0.2040,0.2695,0.3702,0.2302,0.3818,0.3080,0.3984,0.4693,0.2793,0.2164,0.2739,0.3996,0.3593,0.5317,0.2683	1.6667	a shard's total over its recorded sum, over the shard factor 3, shards of two entries or more (held out, as above; a shard of one entry is judged as that entry since S-shard-11); patched: S-shard-9's target, 150 s against 30
stale-shard-low	1	above	ratio	3.6246,3.2366,3.3459,2.1119,3.3585,3.6039,3.2883,3.2541,1.8207,2.1969,2.0613,2.2733,2.4947,1.7395,3.7807,2.6020,3.3053,1.8444,2.1167,1.9487,3.3966,2.0368,3.3124,2.0780,3.4409,3.3071,3.6469,3.7785,2.1982,2.2160,3.8629,2.1210,1.8535,2.4481,2.2361,3.2911,2.3286,2.1669,3.4433,3.6803,2.1793,2.0906,2.0691,3.3692,3.5215,1.9376,3.9704,2.7362,2.5756,3.8965,3.4737,2.4547,3.3605,5.5260,3.6692,2.5377,1.9008,2.6019,2.0958,3.4866,3.9297,1.8035,3.2527,2.4802,3.7882,1.9194,3.3639,3.5357,1.8874,3.5778,1.9746,4.9235,3.3800,1.5401,4.9461,3.7355,4.0569,2.0450,3.7520,4.0516,3.6686,3.8619,2.3601,3.5708,3.5090,2.2268,3.5634,3.2951,1.9490,3.2153,3.3038,3.4533,4.0585,2.3518,2.5283,3.7892,3.4897,1.8362,2.4255,3.3322,2.0721,3.4361,2.7723,3.5855,4.2234,2.5137,1.9472,2.4650,3.5968,3.2341,4.7855,2.4144	-	the same, its recorded sum over the total
soak-baseline-history-indeterminate	100	above	ratio	9494	-	1% of 10,000 executions; soak job of run 37785921243
soak-baseline-history-concurrent-on-a-key	100	above	ratio	9985	-	1% of 10,000 executions; soak job of run 37785921243
soak-baseline-history-read-completed	100	above	ratio	10000	-	1% of 10,000 executions; soak job of run 37785921243
soak-baseline-history-put-completed	100	above	ratio	10000	-	1% of 10,000 executions; soak job of run 37785921243
soak-baseline-history-append-completed	100	above	ratio	10000	-	1% of 10,000 executions; soak job of run 37785921243
soak-baseline-history-delete-completed	100	above	ratio	10000	-	1% of 10,000 executions; soak job of run 37785921243
soak-baseline-history-cas-true	100	above	ratio	9999	-	1% of 10,000 executions; soak job of run 37785921243
soak-baseline-history-cas-false	100	above	ratio	10000	-	1% of 10,000 executions; soak job of run 37785921243
soak-baseline-history-command-retried	100	above	ratio	9967	-	1% of 10,000 executions; soak job of run 37785921243
soak-baseline-split-vote	100	above	ratio	7501	-	1% of 10,000 executions; soak job of run 37785921243
soak-baseline-leader-replaced-after-crash	100	above	ratio	5494	-	1% of 10,000 executions; soak job of run 37785921243
soak-baseline-vote-denied-already-voted	100	above	ratio	5512	-	1% of 10,000 executions; soak job of run 37785921243
soak-baseline-requestvote-ignored	100	above	ratio	7079	-	1% of 10,000 executions; soak job of run 37785921243
soak-baseline-leader-stepped-down	100	above	ratio	7102	-	1% of 10,000 executions; soak job of run 37785921243
soak-baseline-candidate-stepped-down	100	above	ratio	7754	-	1% of 10,000 executions; soak job of run 37785921243
soak-baseline-elected-after-restart	100	above	ratio	4237	-	1% of 10,000 executions; soak job of run 37785921243
soak-baseline-elected-during-one-way-partition	100	above	ratio	3054	-	1% of 10,000 executions; soak job of run 37785921243
soak-baseline-follower-caught-up-by-backtracking	100	above	ratio	6999	-	1% of 10,000 executions; soak job of run 37785921243
soak-baseline-conflicting-suffix-truncated	100	above	ratio	1878	-	1% of 10,000 executions; soak job of run 37785921243
soak-baseline-leader-crashed-with-uncommitted-entries	100	above	ratio	1635	-	1% of 10,000 executions; soak job of run 37785921243
soak-baseline-entry-committed-in-a-later-term	100	above	ratio	1128	-	1% of 10,000 executions; soak job of run 37785921243
soak-baseline-crash-with-a-log-write-in-flight	100	above	ratio	3439	-	1% of 10,000 executions; soak job of run 37785921243
soak-baseline-delivered-after-later-send	100	above	ratio	8544	-	1% of 10,000 executions; soak job of run 37785921243
soak-baseline-lost-in-transit-to-a-live-receiver	100	above	ratio	4640	-	1% of 10,000 executions; soak job of run 37785921243
soak-baseline-delivered-twice	100	above	ratio	4522	-	1% of 10,000 executions; soak job of run 37785921243
soak-baseline-delivered-later-than-normal-delay	100	above	ratio	8038	-	1% of 10,000 executions; soak job of run 37785921243
soak-baseline-one-way-reachability	100	above	ratio	7408	-	1% of 10,000 executions; soak job of run 37785921243
soak-baseline-node-isolated-for-a-timeout	100	above	ratio	3006	-	1% of 10,000 executions; soak job of run 37785921243
soak-baseline-majority-down	100	above	ratio	3846	-	1% of 10,000 executions; soak job of run 37785921243
soak-baseline-all-down	100	above	ratio	2983	-	1% of 10,000 executions; soak job of run 37785921243
soak-baseline-unsynced-write-lost	100	above	ratio	3449	-	1% of 10,000 executions; soak job of run 37785921243
soak-baseline-writes-completed-out-of-order-at-crash	3	above	ratio	163	-	declared below the floor, held at the absolute minimum; soak job of run 37785921243
soak-baseline-partial-record-left-on-disk	100	above	ratio	1371	-	1% of 10,000 executions; soak job of run 37785921243
soak-baseline-write-slower-than-normal-latency	100	above	ratio	4102	-	1% of 10,000 executions; soak job of run 37785921243
soak-baseline-step-after-silence-longer-than-a-timeout	100	above	ratio	3684	-	1% of 10,000 executions; soak job of run 37785921243
soak-baseline-restarted-from-disk	100	above	ratio	7926	-	1% of 10,000 executions; soak job of run 37785921243
soak-baseline-clock-rate-diverged	100	above	ratio	5764	-	1% of 10,000 executions; soak job of run 37785921243
soak-baseline-log-compacted	100	above	ratio	10000	-	1% of 10,000 executions; soak job of run 37785921243
soak-baseline-snapshot-installed-by-a-follower	100	above	ratio	9036	-	1% of 10,000 executions; soak job of run 37785921243
soak-baseline-restarted-from-a-snapshot	100	above	ratio	6736	-	1% of 10,000 executions; soak job of run 37785921243
soak-baseline-crash-with-a-compaction-in-flight	100	above	ratio	836	-	1% of 10,000 executions; soak job of run 37785921243
soak-baseline-install-kept-the-suffix	3	above	ratio	365	-	declared below the floor, held at the absolute minimum; soak job of run 37785921243
soak-baseline-install-discarded-the-suffix	3	above	ratio	64	-	declared below the floor, held at the absolute minimum; soak job of run 37785921243
soak-baseline-retry-committed-twice-applied-once	100	above	ratio	1816	-	1% of 10,000 executions; soak job of run 37785921243
soak-baseline-retry-deduplicated-by-a-restored-table	3	above	ratio	141	-	declared below the floor, held at the absolute minimum; soak job of run 37785921243
soak-baseline-stale-sequence-refused	100	above	ratio	5824	-	1% of 10,000 executions; soak job of run 37785921243
soak-baseline-read-answered-after-a-later-term-began	3	above	ratio	5	-	declared below the floor, held at the absolute minimum; soak job of run 37785921243
soak-baseline-read-waited-past-a-heartbeat-interval	100	above	ratio	916	-	1% of 10,000 executions; soak job of run 37785921243
soak-membership-history-indeterminate	100	above	ratio	9764	-	1% of 10,000 executions; soak-membership job of run 37785921243
soak-membership-history-concurrent-on-a-key	100	above	ratio	9928	-	1% of 10,000 executions; soak-membership job of run 37785921243
soak-membership-history-read-completed	100	above	ratio	10000	-	1% of 10,000 executions; soak-membership job of run 37785921243
soak-membership-history-put-completed	100	above	ratio	10000	-	1% of 10,000 executions; soak-membership job of run 37785921243
soak-membership-history-append-completed	100	above	ratio	10000	-	1% of 10,000 executions; soak-membership job of run 37785921243
soak-membership-history-delete-completed	100	above	ratio	10000	-	1% of 10,000 executions; soak-membership job of run 37785921243
soak-membership-history-cas-true	100	above	ratio	9981	-	1% of 10,000 executions; soak-membership job of run 37785921243
soak-membership-history-cas-false	100	above	ratio	10000	-	1% of 10,000 executions; soak-membership job of run 37785921243
soak-membership-history-command-retried	100	above	ratio	9873	-	1% of 10,000 executions; soak-membership job of run 37785921243
soak-membership-split-vote	100	above	ratio	6606	-	1% of 10,000 executions; soak-membership job of run 37785921243
soak-membership-leader-replaced-after-crash	100	above	ratio	5386	-	1% of 10,000 executions; soak-membership job of run 37785921243
soak-membership-vote-denied-already-voted	100	above	ratio	5054	-	1% of 10,000 executions; soak-membership job of run 37785921243
soak-membership-requestvote-ignored	100	above	ratio	6686	-	1% of 10,000 executions; soak-membership job of run 37785921243
soak-membership-leader-stepped-down	100	above	ratio	6880	-	1% of 10,000 executions; soak-membership job of run 37785921243
soak-membership-candidate-stepped-down	100	above	ratio	6784	-	1% of 10,000 executions; soak-membership job of run 37785921243
soak-membership-elected-after-restart	100	above	ratio	4335	-	1% of 10,000 executions; soak-membership job of run 37785921243
soak-membership-elected-during-one-way-partition	100	above	ratio	3207	-	1% of 10,000 executions; soak-membership job of run 37785921243
soak-membership-follower-caught-up-by-backtracking	100	above	ratio	7215	-	1% of 10,000 executions; soak-membership job of run 37785921243
soak-membership-conflicting-suffix-truncated	100	above	ratio	1431	-	1% of 10,000 executions; soak-membership job of run 37785921243
soak-membership-leader-crashed-with-uncommitted-entries	100	above	ratio	1289	-	1% of 10,000 executions; soak-membership job of run 37785921243
soak-membership-entry-committed-in-a-later-term	100	above	ratio	767	-	1% of 10,000 executions; soak-membership job of run 37785921243
soak-membership-crash-with-a-log-write-in-flight	100	above	ratio	3041	-	1% of 10,000 executions; soak-membership job of run 37785921243
soak-membership-delivered-after-later-send	100	above	ratio	7342	-	1% of 10,000 executions; soak-membership job of run 37785921243
soak-membership-lost-in-transit-to-a-live-receiver	100	above	ratio	2217	-	1% of 10,000 executions; soak-membership job of run 37785921243
soak-membership-delivered-twice	100	above	ratio	2163	-	1% of 10,000 executions; soak-membership job of run 37785921243
soak-membership-delivered-later-than-normal-delay	100	above	ratio	6308	-	1% of 10,000 executions; soak-membership job of run 37785921243
soak-membership-one-way-reachability	100	above	ratio	4944	-	1% of 10,000 executions; soak-membership job of run 37785921243
soak-membership-node-isolated-for-a-timeout	100	above	ratio	3016	-	1% of 10,000 executions; soak-membership job of run 37785921243
soak-membership-majority-down	100	above	ratio	3394	-	1% of 10,000 executions; soak-membership job of run 37785921243
soak-membership-all-down	100	above	ratio	2939	-	1% of 10,000 executions; soak-membership job of run 37785921243
soak-membership-unsynced-write-lost	100	above	ratio	3295	-	1% of 10,000 executions; soak-membership job of run 37785921243
soak-membership-writes-completed-out-of-order-at-crash	3	above	ratio	108	-	declared below the floor, held at the absolute minimum; soak-membership job of run 37785921243
soak-membership-partial-record-left-on-disk	100	above	ratio	1405	-	1% of 10,000 executions; soak-membership job of run 37785921243
soak-membership-write-slower-than-normal-latency	100	above	ratio	4150	-	1% of 10,000 executions; soak-membership job of run 37785921243
soak-membership-step-after-silence-longer-than-a-timeout	100	above	ratio	5385	-	1% of 10,000 executions; soak-membership job of run 37785921243
soak-membership-restarted-from-disk	100	above	ratio	8687	-	1% of 10,000 executions; soak-membership job of run 37785921243
soak-membership-clock-rate-diverged	100	above	ratio	7574	-	1% of 10,000 executions; soak-membership job of run 37785921243
soak-membership-log-compacted	100	above	ratio	10000	-	1% of 10,000 executions; soak-membership job of run 37785921243
soak-membership-snapshot-installed-by-a-follower	100	above	ratio	7814	-	1% of 10,000 executions; soak-membership job of run 37785921243
soak-membership-restarted-from-a-snapshot	100	above	ratio	5586	-	1% of 10,000 executions; soak-membership job of run 37785921243
soak-membership-crash-with-a-compaction-in-flight	100	above	ratio	491	-	1% of 10,000 executions; soak-membership job of run 37785921243
soak-membership-install-kept-the-suffix	3	above	ratio	111	-	declared below the floor, held at the absolute minimum; soak-membership job of run 37785921243
soak-membership-install-discarded-the-suffix	3	above	ratio	27	-	declared below the floor, held at the absolute minimum; soak-membership job of run 37785921243
soak-membership-retry-committed-twice-applied-once	100	above	ratio	595	-	1% of 10,000 executions; soak-membership job of run 37785921243
soak-membership-retry-deduplicated-by-a-restored-table	3	above	ratio	29	-	declared below the floor, held at the absolute minimum; soak-membership job of run 37785921243
soak-membership-stale-sequence-refused	100	above	ratio	1693	-	1% of 10,000 executions; soak-membership job of run 37785921243
soak-membership-read-answered-after-a-later-term-began	3	above	ratio	6	-	declared below the floor, held at the absolute minimum; soak-membership job of run 37785921243
soak-membership-read-waited-past-a-heartbeat-interval	100	above	ratio	405	-	1% of 10,000 executions; soak-membership job of run 37785921243
soak-membership-membership-change-completed	100	above	ratio	3684	-	1% of 10,000 executions; soak-membership job of run 37785921243
soak-membership-change-completed-during-a-partition	100	above	ratio	691	-	1% of 10,000 executions; soak-membership job of run 37785921243
soak-membership-change-removed-the-leader	100	above	ratio	1825	-	1% of 10,000 executions; soak-membership job of run 37785921243
soak-membership-crash-in-a-joint-configuration	100	above	ratio	255	-	1% of 10,000 executions; soak-membership job of run 37785921243
soak-membership-change-still-joint-at-the-end	100	above	ratio	1451	-	1% of 10,000 executions; soak-membership job of run 37785921243
soak-membership-compaction-during-joint-consensus	100	above	ratio	216	-	1% of 10,000 executions; soak-membership job of run 37785921243
